text,label
"This movie was absolutely fantastic! The acting was superb and the plot kept me engaged throughout.",positive
"Terrible film. Waste of time and money. The storyline made no sense.",negative
"I loved every minute of it. Best movie I've seen this year!",positive
"Boring and predictable. I fell asleep halfway through.",negative
"Outstanding performances by the entire cast. Highly recommend!",positive
"The worst movie I have ever seen. Poor directing and terrible script.",negative
"A masterpiece! Beautiful cinematography and powerful storytelling.",positive
"Very disappointing. Expected much more based on the reviews.",negative
"Incredible film with amazing special effects and a compelling story.",positive
"Not worth watching. The acting was wooden and the dialogue was awful.",negative
"Brilliant movie! The director did an amazing job bringing this story to life.",positive
"Complete garbage. I want my money back.",negative
"One of the best films of the decade. Moving and thought-provoking.",positive
"Slow paced and uninteresting. Could not connect with any characters.",negative
"Absolutely loved it! The soundtrack alone is worth experiencing.",positive
"Poorly executed with a confusing plot. Very disappointed.",negative
"A true cinematic gem. Every scene was perfectly crafted.",positive
"Overhyped and underdelivered. Save your time.",negative
"Phenomenal acting and an emotional roller coaster. Must see!",positive
"Dull and lifeless. Couldn't wait for it to end.",negative
"Extraordinary film that exceeded all my expectations.",positive
"The script was weak and the pacing was off. Not impressed.",negative
"A stunning visual experience with a heartfelt story.",positive
"Forgettable and bland. Nothing special about this one.",negative
"Captivating from start to finish. A true work of art.",positive
"Terrible editing and poor character development. Avoid this one.",negative
"An emotional journey that stayed with me long after. Highly recommended!",positive
"Predictable and cliché. Felt like I'd seen it all before.",negative
"Beautifully shot with incredible performances all around.",positive
"Boring plot with no real substance. Very disappointing experience.",negative
"Highly recommended. The the acting was superb. A must-see.",positive
"Highly recommended. The the direction was incredible. A must-see.",positive
"This movie was a joy to watch. The the soundtrack was superb. A must-see.",positive
"A true cinematic gem. The the cinematography was excellent. A must-see.",positive
"One of the best films this year. The the script was fantastic. A must-see.",positive
"This movie was a joy to watch. The the plot was amazing. A must-see.",positive
"Highly recommended. The the cinematography was incredible. A must-see.",positive
"One of the best films this year. The the cinematography was fantastic. A must-see.",positive
"One of the best films this year. The the soundtrack was outstanding. A must-see.",positive
"A true cinematic gem. The the cinematography was brilliant. A must-see.",positive
"Highly recommended. The the soundtrack was superb. A must-see.",positive
"A true cinematic gem. The the cinematography was outstanding. A must-see.",positive
"Phenomenal from start to finish. The the special effects was amazing. A must-see.",positive
"One of the best films this year. The the acting was fantastic. A must-see.",positive
"This movie was a joy to watch. The the special effects was amazing. A must-see.",positive
"This movie was a joy to watch. The the plot was excellent. A must-see.",positive
"Absolutely loved it. The the plot was superb. A must-see.",positive
"Highly recommended. The the cinematography was superb. A must-see.",positive
"Absolutely loved it. The the soundtrack was outstanding. A must-see.",positive
"Highly recommended. The the soundtrack was superb. A must-see.",positive
"A true cinematic gem. The the acting was excellent. A must-see.",positive
"A true cinematic gem. The the script was excellent. A must-see.",positive
"A true cinematic gem. The the direction was brilliant. A must-see.",positive
"A true cinematic gem. The the script was outstanding. A must-see.",positive
"Highly recommended. The the cinematography was excellent. A must-see.",positive
"Absolutely loved it. The the cinematography was outstanding. A must-see.",positive
"Phenomenal from start to finish. The the soundtrack was amazing. A must-see.",positive
"I was completely captivated. The the script was brilliant. A must-see.",positive
"One of the best films this year. The the script was excellent. A must-see.",positive
"Absolutely loved it. The the acting was excellent. A must-see.",positive
"I was completely captivated. The the direction was outstanding. A must-see.",positive
"One of the best films this year. The the special effects was amazing. A must-see.",positive
"Phenomenal from start to finish. The the acting was excellent. A must-see.",positive
"I was completely captivated. The the plot was outstanding. A must-see.",positive
"Absolutely loved it. The the direction was fantastic. A must-see.",positive
"Couldn't wait for it to end. The the editing was terrible. Avoid this one.",negative
"Overhyped and underdelivered. The the story line was boring. Avoid this one.",negative
"I would not recommend this. The the acting was confusing. Avoid this one.",negative
"Save your money. The the pacing was confusing. Avoid this one.",negative
"Complete garbage. The the direction was wooden. Avoid this one.",negative
"A total waste of time. The the story line was wooden. Avoid this one.",negative
"Save your money. The the character development was boring. Avoid this one.",negative
"Very disappointing experience. The the editing was awful. Avoid this one.",negative
"Save your money. The the dialogue was dull. Avoid this one.",negative
"Overhyped and underdelivered. The the story line was awful. Avoid this one.",negative
"Very disappointing experience. The the character development was awful. Avoid this one.",negative
"A total waste of time. The the story line was awful. Avoid this one.",negative
"Save your money. The the character development was awful. Avoid this one.",negative
"Save your money. The the direction was wooden. Avoid this one.",negative
"I would not recommend this. The the editing was weak. Avoid this one.",negative
"I would not recommend this. The the acting was dull. Avoid this one.",negative
"Complete garbage. The the character development was awful. Avoid this one.",negative
"I would not recommend this. The the pacing was awful. Avoid this one.",negative
"Couldn't wait for it to end. The the character development was awful. Avoid this one.",negative
"Complete garbage. The the pacing was wooden. Avoid this one.",negative
"Complete garbage. The the character development was awful. Avoid this one.",negative
"Overhyped and underdelivered. The the character development was awful. Avoid this one.",negative
"Overhyped and underdelivered. The the pacing was boring. Avoid this one.",negative
"Complete garbage. The the editing was terrible. Avoid this one.",negative
"A total waste of time. The the dialogue was confusing. Avoid this one.",negative
"A total waste of time. The the pacing was awful. Avoid this one.",negative
"Overhyped and underdelivered. The the dialogue was terrible. Avoid this one.",negative
"A total waste of time. The the story line was awful. Avoid this one.",negative
"I would not recommend this. The the dialogue was boring. Avoid this one.",negative
"Very disappointing experience. The the direction was wooden. Avoid this one.",negative
"I would not recommend this. The the character development was wooden. Avoid this one.",negative
"Overhyped and underdelivered. The the editing was awful. Avoid this one.",negative
"Couldn't wait for it to end. The the direction was wooden. Avoid this one.",negative
"Complete garbage. The the editing was awful. Avoid this one.",negative
"I would not recommend this. The the direction was confusing. Avoid this one.",negative
